./3s\20200218_200218_0001.jpg,10:49:48
./3s\20200218_200218_0002.jpg,10:49:40
./3s\20200218_200218_0003.jpg,10:50:16
./3s\20200218_200218_0004.jpg,10:50:20
./3s\20200218_200218_0005.jpg,10:50:22
./3s\20200218_200218_0006.jpg,10:50:27
./3s\20200218_200218_0007.jpg,10:50:24
./3s\20200218_200218_0008.jpg,10:50:22
./3s\20200218_200218_0009.jpg,10:51:06
./3s\20200218_200218_0010.jpg,10:51:09
./3s\20200218_200218_0011.jpg,10:51:14
./3s\20200218_200218_0012.jpg,10:52:21
./3s\20200218_200218_0013.jpg,10:52:18
./3s\20200218_200218_0014.jpg,10:51:49
./3s\20200218_200218_0015.jpg,10:52:24
./3s\20200218_200218_0016.jpg,10:52:41
./3s\20200218_200218_0017.jpg,10:53:33
./3s\20200218_200218_0018.jpg,10:53:53
./3s\20200218_200218_0019.jpg,10:53:35
./3s\20200218_200218_0020.jpg,10:53:34
./3s\20200218_200218_0021.jpg,10:54:20
./3s\20200218_200218_0022.jpg,10:54:23
./3s\20200218_200218_0023.jpg,10:55:05
./3s\20200218_200218_0024.jpg,10:55:13
./3s\20200218_200218_0025.jpg,10:55:10
./3s\20200218_200218_0026.jpg,10:55:06
./3s\20200218_200218_0027.jpg,10:55:16
./3s\20200218_200218_0028.jpg,10:56:18
./3s\20200218_200218_0029.jpg,10:56:19
./3s\20200218_200218_0030.jpg,10:57:36
./3s\20200218_200218_0031.jpg,10:57:33
./3s\20200218_200218_0032.jpg,10:56:22
./3s\20200218_200218_0033.jpg,10:57:39
./3s\20200218_200218_0034.jpg,10:57:43
./3s\20200218_200218_0035.jpg,10:57:45
./3s\20200218_200218_0036.jpg,10:58:26
./3s\20200218_200218_0037.jpg,10:58:23
./3s\20200218_200218_0038.jpg,10:58:19
./3s\20200218_200218_0039.jpg,10:58:28
./3s\20200218_200218_0040.jpg,10:59:39
./3s\20200218_200218_0041.jpg,10:59:41
./3s\20200218_200218_0042.jpg,10:59:49
./3s\20200218_200218_0043.jpg,10:59:47
./3s\20200218_200218_0044.jpg,10:59:44
./3s\20200218_200218_0045.jpg,10:59:53
./3s\20200218_200218_0046.jpg,11:00:56
./3s\20200218_200218_0047.jpg,11:00:59
./3s\20200218_200218_0048.jpg,11:01:06
./3s\20200218_200218_0049.jpg,11:01:03
./3s\20200218_200218_0050.jpg,11:01:02
./3s\20200218_200218_0051.jpg,11:01:09
./3s\20200218_200218_0052.jpg,11:02:12
./3s\20200218_200218_0053.jpg,11:02:14
./3s\20200218_200218_0054.jpg,11:02:21
./3s\20200218_200218_0055.jpg,11:02:20
./3s\20200218_200218_0056.jpg,11:02:16
./3s\20200218_200218_0057.jpg,11:03:25
./3s\20200218_200218_0058.jpg,11:03:27
./3s\20200218_200218_0059.jpg,11:03:32
./3s\20200218_200218_0060.jpg,11:04:40
./3s\20200218_200218_0061.jpg,11:03:39
./3s\20200218_200218_0062.jpg,11:03:35
./3s\20200218_200218_0063.jpg,11:04:43
./3s\20200218_200218_0064.jpg,11:04:45
./3s\20200218_200218_0065.jpg,11:04:48
./3s\20200218_200218_0066.jpg,11:05:32
./3s\20200218_200218_0067.jpg,11:04:54
./3s\20200218_200218_0068.jpg,11:04:51
./3s\20200218_200218_0069.jpg,11:05:33
./3s\20200218_200218_0070.jpg,11:05:36
./3s\20200218_200218_0071.jpg,11:06:42
./3s\20200218_200218_0072.jpg,11:06:47
./3s\20200218_200218_0073.jpg,11:06:45
./3s\20200218_200218_0074.jpg,11:06:42
./3s\20200218_200218_0075.jpg,11:07:32
./3s\20200218_200218_0076.jpg,11:08:14
./3s\20200218_200218_0077.jpg,11:07:38
./3s\20200218_200218_0078.jpg,11:09:30
./3s\20200218_200218_0079.jpg,11:09:29
./3s\20200218_200218_0080.jpg,11:08:25
./3s\20200218_200218_0081.jpg,11:09:31
./3s\20200218_200218_0082.jpg,11:09:39
./3s\20200218_200218_0083.jpg,11:10:13
./3s\20200218_200218_0084.jpg,11:11:30
./3s\20200218_200218_0085.jpg,11:11:30
./3s\20200218_200218_0086.jpg,11:10:16
./3s\20200218_200218_0087.jpg,11:11:33
./3s\20200218_200218_0088.jpg,11:11:37
./3s\20200218_200218_0089.jpg,11:11:39
./3s\20200218_200218_0090.jpg,11:12:44
./3s\20200218_200218_0091.jpg,11:12:45
./3s\20200218_200218_0092.jpg,11:12:48
./3s\20200218_200218_0093.jpg,11:12:59
./3s\20200218_200218_0094.jpg,11:12:54
./3s\20200218_200218_0095.jpg,11:12:53
./3s\20200218_200218_0096.jpg,11:13:30
./3s\20200218_200218_0097.jpg,11:13:35
./3s\20200218_200218_0098.jpg,11:13:37
./3s\20200218_200218_0099.jpg,11:14:51
./3s\20200218_200218_0100.jpg,11:14:47
./3s\20200218_200218_0101.jpg,11:13:38
./3s\20200218_200218_0102.jpg,11:14:58
./3s\20200218_200218_0103.jpg,11:16:01
./3s\20200218_200218_0104.jpg,11:16:02
./3s\20200218_200218_0105.jpg,11:16:07
./3s\20200218_200218_0106.jpg,11:16:06
./3s\20200218_200218_0107.jpg,11:16:04
./3s\20200218_200218_0108.jpg,11:16:09
./3s\20200218_200218_0109.jpg,11:16:10
./3s\20200218_200218_0110.jpg,11:16:11
./3s\20200218_200218_0111.jpg,11:17:19
./3s\20200218_200218_0112.jpg,11:17:16
./3s\20200218_200218_0113.jpg,11:16:12
./3s\20200218_200218_0114.jpg,11:17:22
./3s\20200218_200218_0115.jpg,11:18:30
./3s\20200218_200218_0116.jpg,11:18:32
./3s\20200218_200218_0117.jpg,11:18:31
./3s\20200218_200218_0118.jpg,11:18:37
./3s\20200218_200218_0119.jpg,11:18:32
./3s\20200218_200218_0120.jpg,11:18:41
./3s\20200218_200218_0121.jpg,11:19:46
./3s\20200218_200218_0122.jpg,11:19:48
./3s\20200218_200218_0123.jpg,11:21:02
./3s\20200218_200218_0124.jpg,11:21:01
./3s\20200218_200218_0125.jpg,11:19:49
./3s\20200218_200218_0126.jpg,11:21:06
./3s\20200218_200218_0127.jpg,11:21:08
./3s\20200218_200218_0128.jpg,11:21:49
./3s\20200218_200218_0129.jpg,11:23:10
./3s\20200218_200218_0130.jpg,11:23:04
./3s\20200218_200218_0131.jpg,11:23:02
./3s\20200218_200218_0132.jpg,11:24:13
./3s\20200218_200218_0133.jpg,11:24:19
./3s\20200218_200218_0134.jpg,11:24:21
./3s\20200218_200218_0135.jpg,11:25:38
./3s\20200218_200218_0136.jpg,11:24:29
./3s\20200218_200218_0137.jpg,11:24:27
./3s\20200218_200218_0138.jpg,11:25:39
./3s\20200218_200218_0139.jpg,11:25:40
./3s\20200218_200218_0140.jpg,11:26:46
./3s\20200218_200218_0141.jpg,11:26:53
./3s\20200218_200218_0142.jpg,11:26:51
./3s\20200218_200218_0143.jpg,11:26:48
./3s\20200218_200218_0144.jpg,11:26:50
./3s\20200218_200218_0145.jpg,11:28:03
./3s\20200218_200218_0146.jpg,11:28:47
./3s\20200218_200218_0147.jpg,11:28:58
./3s\20200218_200218_0148.jpg,11:28:55
./3s\20200218_200218_0149.jpg,11:28:52
./3s\20200218_200218_0150.jpg,11:29:01
./3s\20200218_200218_0151.jpg,11:30:05
./3s\20200218_200218_0152.jpg,11:31:16
./3s\20200218_200218_0153.jpg,11:30:05
./3s\20200218_200218_0154.jpg,11:31:16
./3s\20200218_200218_0155.jpg,11:31:16
./3s\20200218_200218_0156.jpg,11:32:03
./3s\20200218_200218_0157.jpg,11:32:05
./3s\20200218_200218_0158.jpg,11:32:12
./3s\20200218_200218_0159.jpg,11:32:51
./3s\20200218_200218_0160.jpg,11:32:50
./3s\20200218_200218_0161.jpg,11:32:49
./3s\20200218_200218_0162.jpg,11:32:57
./3s\20200218_200218_0163.jpg,11:34:07
./3s\20200218_200218_0164.jpg,11:34:07
./3s\20200218_200218_0165.jpg,11:34:12
./3s\20200218_200218_0166.jpg,11:34:10
./3s\20200218_200218_0167.jpg,11:34:09
./3s\20200218_200218_0168.jpg,11:35:20
./3s\20200218_200218_0169.jpg,11:35:20
./3s\20200218_200218_0170.jpg,11:35:20
./3s\20200218_200218_0171.jpg,11:35:28
./3s\20200218_200218_0172.jpg,11:35:26
./3s\20200218_200218_0173.jpg,11:35:25
./3s\20200218_200218_0174.jpg,11:35:30
./3s\20200218_200218_0175.jpg,11:36:35
./3s\20200218_200218_0176.jpg,11:36:40
./3s\20200218_200218_0177.jpg,11:37:49
./3s\20200218_200218_0178.jpg,11:36:37
./3s\20200218_200218_0179.jpg,11:36:39
./3s\20200218_200218_0180.jpg,11:37:54
./3s\20200218_200218_0181.jpg,11:37:57
./3s\20200218_200218_0182.jpg,11:37:58
./3s\20200218_200218_0183.jpg,11:39:12
./3s\20200218_200218_0184.jpg,11:39:06
./3s\20200218_200218_0185.jpg,11:38:09
./3s\20200218_200218_0186.jpg,11:39:14
./3s\20200218_200218_0187.jpg,11:39:18
./3s\20200218_200218_0188.jpg,11:39:53
./3s\20200218_200218_0189.jpg,11:41:07
./3s\20200218_200218_0190.jpg,11:41:07
./3s\20200218_200218_0191.jpg,11:40:02
./3s\20200218_200218_0192.jpg,11:41:15
./3s\20200218_200218_0193.jpg,11:42:22
./3s\20200218_200218_0194.jpg,11:42:25
./3s\20200218_200218_0195.jpg,11:42:26
./3s\20200218_200218_0196.jpg,11:42:30
./3s\20200218_200218_0197.jpg,11:43:34
./3s\20200218_200218_0198.jpg,11:43:38
./3s\20200218_200218_0199.jpg,11:43:39
./3s\20200218_200218_0200.jpg,11:43:40
./3s\20200218_200218_0201.jpg,11:43:42
./3s\20200218_200218_0202.jpg,11:43:44
./3s\20200218_200218_0203.jpg,11:44:58
./3s\20200218_200218_0204.jpg,11:44:57
./3s\20200218_200218_0205.jpg,11:44:59
./3s\20200218_200218_0206.jpg,11:45:39
./3s\20200218_200218_0207.jpg,11:46:51
./3s\20200218_200218_0208.jpg,11:46:53
./3s\20200218_200218_0209.jpg,11:46:54
./3s\20200218_200218_0210.jpg,11:46:56
./3s\20200218_200218_0211.jpg,11:46:58
./3s\20200218_200218_0212.jpg,11:47:00
./3s\20200218_200218_0213.jpg,11:47:03
./3s\20200218_200218_0214.jpg,11:48:07
./3s\20200218_200218_0215.jpg,11:48:08
./3s\20200218_200218_0216.jpg,11:48:10
./3s\20200218_200218_0217.jpg,11:48:11
./3s\20200218_200218_0218.jpg,11:48:14
./3s\20200218_200218_0219.jpg,11:48:16
./3s\20200218_200218_0220.jpg,11:48:19
./3s\20200218_200218_0221.jpg,11:48:54
./3s\20200218_200218_0222.jpg,11:48:56
./3s\20200218_200218_0223.jpg,11:49:01
./3s\20200218_200218_0224.jpg,11:50:06
./3s\20200218_200218_0225.jpg,11:50:09
./3s\20200218_200218_0226.jpg,11:50:12
./3s\20200218_200218_0227.jpg,11:50:15
./3s\20200218_200218_0228.jpg,11:50:17
./3s\20200218_200218_0229.jpg,11:51:22
./3s\20200218_200218_0230.jpg,11:51:25
./3s\20200218_200218_0231.jpg,11:51:31
./3s\20200218_200218_0232.jpg,11:51:33
